"sepal length","petal length"
6.7,5
6.1,5.6
5.5,3.7
5.8,4
6.4,4.3
5.7,4.2
6.5,4.6
5.7,5
5.5,4
7.7,6.7
6.5,5.1
6.3,5.6
6,5
5.2,3.9
5.5,4.4
6.7,4.7
5.5,3.8
6.5,5.8
7.3,6.3
4.9,4.5
6.4,5.5
6.1,4
6.9,4.9
5.6,3.9
5.6,3.6
6.2,4.8
6.8,5.9
5.6,4.2
5.7,4.2
6,4
5,3.5
6.3,6
6.4,5.3
6.3,4.4
7.2,6
4.9,3.3
6.7,5.8
6.3,5
7.4,6.1
5.7,4.5
6.9,5.7
6.7,5.7
5.9,5.1
5.9,4.8
6.1,4.7
6.1,4.7
5.5,4
6.4,5.6
6.2,4.5
6.7,5.7
