"sepal length","petal width","petal length"
6.7,1.7,5
6.1,1.4,5.6
5.5,1,3.7
5.8,1.2,4
6.4,1.3,4.3
5.7,1.3,4.2
6.5,1.5,4.6
5.7,2,5
5.5,1.3,4
7.7,2.2,6.7
6.5,2,5.1
6.3,2.4,5.6
6,1.5,5
5.2,1.4,3.9
5.5,1.2,4.4
6.7,1.5,4.7
5.5,1.1,3.8
6.5,2.2,5.8
7.3,1.8,6.3
4.9,1.7,4.5
6.4,1.8,5.5
6.1,1.3,4
6.9,1.5,4.9
5.6,1.1,3.9
5.6,1.3,3.6
6.2,1.8,4.8
6.8,2.3,5.9
5.6,1.3,4.2
5.7,1.2,4.2
6,1,4
5,1,3.5
6.3,2.5,6
6.4,1.9,5.3
6.3,1.3,4.4
7.2,1.8,6
4.9,1,3.3
6.7,1.8,5.8
6.3,1.9,5
7.4,1.9,6.1
5.7,1.3,4.5
6.9,2.3,5.7
6.7,2.5,5.7
5.9,1.8,5.1
5.9,1.8,4.8
6.1,1.4,4.7
6.1,1.2,4.7
5.5,1.3,4
6.4,2.1,5.6
6.2,1.5,4.5
6.7,2.1,5.7
